_key,author,description,id,image,ownerNumber,price,title,type
03 04 202420:23:50,"Mihai Morar, Părintele Necula","Un dialog sincer și necesar despre puterea cuvintelor, puterea oamenilor și puterea Lui Dumnezeu, care îți oferă reperele de care ai nevoie într-o lume în schimbare. O invitație la unitate, credință și adevăr Cuvintele Părintelui Necula creează punți între religii, între credincioși și atei, aducând oamenii mai aproape de marile adevăruri ale învățăturilor creștine. Într-o epocă a deznădejdii și a fricii, acest dialog dintre Mihai Morar și Părintele Necula abordează fără teamă subiectele dificile ale actualității. Fiecare răspuns oferit la întrebările pline de miez adresate de Mihai Morar încurajează cititorii să-și păstreze întotdeauna speranța și credința. Astfel, pagină cu pagină, se conturează un alt mod de a privi lumea și problemele sale, adoptând o perspectivă plină de înțelegere, iubire și încredere în puterea și frumusețea Lui Dumnezeu. „Ce ar mai fi de zis? O vom face probabil în timpul cât Dumnezeu ne va îngădui să o mai facem. Când vom fi plecați, undeva, într-un colț de bibliotecă și această rogojină de carte pe care ne-am lăsat sufletele la vedere. Mulțumesc, Mihai, pentru prietenie. Și celor ce ne sunt prieteni ori dușmani, deopotrivă, sănătate. Nu mai e vreme de ură. De mușcat din morminte. Din văzduh, din bunici și părinți. E vremea să căutăm sens vieților noastre. ” – Părintele Constantin Necula Citat din carte „Mihai, nu există lege care să ne facă să ne iubim! Poți să dai câte decrete vrei, oricâte hotărâri de Consiliu Național al nu-știu-cui, n-are nicio treabă, n-are! Iubirea nu încape în lege! Ea e exercițiul cel mai bun de supraviețuire!” Recenzii „Părintele Constantin Necula este convins că oamenii au nevoie să primească învăţătura de credinţă printr-o atitudine binevoitoare, nicidecum printr-o privire încruntată, acompaniată de un ton superior. De aceea, caută mereu să aibă un discurs viu, dezbrăcat de platitudini şi de limbajul de lemn pe care-l auzim de obicei în cuvântările feţelor bisericeşti ”– Adevărul.ro „Părintele Constantin Necula e un risipitor. Acest fapt nu mai reprezintă pentru nimeni un secret. Împarte cu nemiluita, încoace și încolo, fără a avea vreo strategie, sau a se drămui, într-un fel sau altul, bucurie și cuvânt ziditor.” – Protos. Maxim Morariu, doctor în teologie al Facultății de Teologie Ortodoxă din Cadrul UBB, Cluj-Napoca. „Se spune că cel mai bun tovarăş de drum nu este cel care cunoaşte acel drum, ci cel care-l descoperă împreună cu tine”. – Romeo Petrașciuc, orthodox.md Mă bucur că Părintele Constantin Necula face parte din lumea lui Mihai Morar! Abia aștept cartea, pe care o vreau neapărat cu autografe și cu două gânduri din partea amândurora, îmi sunt dragi și îmi sunt prieteni. Cartea o voi ține pe raftul meu de lângă pat. Eu seara citesc câteva rânduri care să-mi liniștească spiritul. Ăsta e ritualul meu de dinainte de somn: ori ascult muzică clasică ori citesc... este foarte important ca înainte de a dormi să avem o stare de liniște, chiar povestea un psiholog că sunt foarte importante ultimele 20 de minute de dinainte de a adormi. Într-o lume în care se vorbește în gura mare doar despre tehnologie, avem nevoie și de un mic manual care să știe cum ,,să tacă”despre frumusețea veșniciei sufletului. – Daniel Buzdugan, om de radio Să dai Vieții copii… suprema putere a lui a fi. Asta spune MIhai Morar, copilul. Așa am învățat și noi, ceilalți copii, să fim. Îl știu pe Mihai somnoros, chiar și când nu s-a putut trezi cu ocazia unor sesiuni de jogging. Îl știm vorbăreț, un om ce poate alerga un întreg matinal de câteva ore. Acum, l-am descoperit pe Mihail, copilul, dar și pe adultul care ne arată, din perspectiva lui, un sens al vieții. Așa să ne trăiești și să ne încânți cum doar tu știi, fain și simplu. – Radu Vâlcan, actor și prezentator TV Cărțile sunt televizorul oamenilor deștepți și mă bucură atunci când cineva mai construiește și astfel de televizoare. Părintele Necula și Mihai par să vină din lumi pe cât de diferite pe atât de apropiate și, cum amândoi îmi sunt apropiați, sunt sigur că veți găsi în rândurile scrise de ei și voi, apropierea. Toate cărțile, oricare ar fi ele, au măcar un cuvânt despre iubire. Despre asta e cartea lor. Pentru că cel ce nu iubeşte n-a cunoscut pe Dumnezeu, pentru că Dumnezeu este iubire (I Ioan 4,8). - Dan Negru, prezentator TV",03 04 202420:23:50,https://firebasestorage.googleapis.com/v0/b/bookstore-7c44c.appspot.com/o/Book%20Images%2FIMG_202403004_202343.jpg03%2004%20202420%3A23%3A50.jpg?alt=media&token=db18b501-6ec1-4be0-b5f8-c8de6ccb4ead,0734199140,60,Despre sensul vieții,"dezvoltare personală, spiritualitate "
03 04 202420:24:20,"Prof. Dr. Dumitru Constantin Dulcan, Florentina Fântânaru","O carte care îți răspunde la întrebări: Care sunt secretele longevității? Cum ne putem folosi subconștienul în procesul de vindecare? Ce impact au gândurile și emoțiile negative asupra sănătății noastre? Poate rugăciunea să contribuie la vindecare? Cum putem lua decizii dificile, urmându-ne mintea sau inima? Ce putem face pentru ne recupera energia după o zi stresantă? Un dialog care te pune pe gânduri În lumea noastră tot mai încrâncenată, tot mai măcinată de boli și suferință, Profesorul Dumitru Constantin Dulcan ne invită să descoperim cheia vindecării în interiorul nostru, acolo unde se ascunde o adevărată comoară de resurse pusă în noi de Univers. Savant vizionar, profesor, neurolog, psihiatru, filosof al științei și scriitor, Prof. Univ. Dr. Dumitru Constantin Dulcan pune în acest dialog revelator purtat cu Florentina Fântânaru esența cercetărilor sale de-o viață, oferind cititorilor sfaturi practice pentru o viață trăită în armonie, cu bucurie și sănătate. Noțiunile de medicină, biologie, fizică cuantică și psihologie se împletesc în răspunsurile oferite de profesorul Dulcan, ghidându-ne pe calea vindecării, calea întoarcerii spre interior, spre emoțiile și gândurile care ne definesc umanitatea. Pentru a păși pe această cale, trebuie doar să devenim conștienți de puterea incredibilă a gândurilor noastre de a ne transforma pe noi și lumea în care trăim. Această carte este pentru tine dacă: Ai nevoie de răspunsuri rapide la întrebările care te frământă despre viață și sănătate. Ești curios să descoperi ce impact au gândurile și emoțiile asupra sănătății tale. Vrei să afli secretele longevității de la cel mai cunoscut neurolog din România. Ai nevoie de ajutor pentru a face față stresului și evenimentelor neprevăzute. Îți dorești să îți antrenezi mintea și inima pentru a putea trăi cu mai multă bucurie. Plutim pe o navă în derivă. Ne mai putem salva? În vremuri tot mai agitate, sfâșiate de ură și război, Profesorul Dulcan ne îndeamnă să facem pace mai întâi în interiorul nostru. Între inimă și minte. Doar astfel vom putea păși pe calea vindecării, doar astfel vom reuși, în sfârșit, să facem saltul de la inteligență la înțelepciune. Descoperă calea echilibrului între minte și inimă!",03 04 202420:24:20,https://firebasestorage.googleapis.com/v0/b/bookstore-7c44c.appspot.com/o/Book%20Images%2FIMG_202403004_202414.jpg03%2004%20202420%3A24%3A20.jpg?alt=media&token=9ba3c2f5-8b3b-4a13-9eb0-0d5ddef900e8,0734199140,50,Calea vindecării,"medicina, spiritualitate "
03 04 202420:24:52,Dr. Shefali,"Această carte este pentru tine dacă: Îți lipsește încrederea în tine și ai tendința să te auto-sabotezi. Te ferești cu orice preț de conflicte sau discuții dificile, chiar dacă acest lucru înseamnă tolerarea unor comportamente abuzive. Te confrunți cu stări de epuizare cronică, apatie și confuzie pentru care nu ai o explicație rațională. Teama de eșec sau de respingere te împiedică să îți asumi riscuri calculate în carieră sau în viața personală. Te simți adesea copleșită de așteptările celorlalți și de propriile tale așteptări. Ai nevoie de validare exterioară pentru a îți aprecia realizările. Te temi să-ți exprimi opiniile și să lupți pentru propriile scopuri și dorințe în relația de cuplu sau în mediul profesional. Cartea femeilor care merită mai mult te invită să faci primii pași către o viață trăită deplin, în perfect acord cu sinele tău autentic, dincolo de teama de respingere sau de eșec, dincolo de tipare comportamentale moștenite de la o generație la alta și de prejudecăți.",03 04 202420:24:52,https://firebasestorage.googleapis.com/v0/b/bookstore-7c44c.appspot.com/o/Book%20Images%2FIMG_202403004_202450.jpg03%2004%20202420%3A24%3A52.jpg?alt=media&token=21cb7956-1b7e-4c03-b96d-828feb882664,0734199140,0,Cartea femeilor care merită mai mult editat,dezvoltare personală
03 04 202420:25:26,Dr. Alexandru Ciurea,"Aici e cheia care mișcă această carte spre inima noastră. Profesorul Ciurea știe, a învățat din întreaga plăsmuire a vieții, cu bune și rele, cu biruințe și crâncene înfrângeri, că a fi om este fundamentul de lumină al oricărui specialist. Și că nu, nu poți fi un specialist mare dacă ești mic ca om, ca profesionist vocațional ori ca om al cotidianului. Părintele Constantin Necula – Prodecan al Facultății de Teologie din Sibiu Această carte ne vorbește explicit despre natura noastră complicată și vremelnică, din perspectiva unuia dintre cele mai miraculoase și tainice organe ale corpului uman: creierul. Cel care încearcă și reușește, nu de puține ori, să ne uluiască, este unul dintre cei mai înalți și înțelepțiți oameni de pe la noi, doctorul, profesorul și academicianul Vlad Ciurea. Horațiu Mălăele - Actor, regizor, artist grafic și scriitor O descriere atotcuprinzătoare și în același timp pe înțelesul tuturor a celui mai important organ, organul suprem: creierul, venită din condeiul unuia dintre cei mai mari neurochirurgi contemporani; această carte unește lumea medicală de cea non-medicală precum unește corpul calos cele două emisfere - și dacă nu înțelegi asta atunci trebuie să citești această carte. Un must have în 2022! Dr. Mihai Pautov – Medic Specialist Chirurgie Generală O carte care îți răspunde la întrebări: Ce alimente ar trebui să consumăm pentru a sprijini performanțele intelectuale? Cât de eficiente sunt stimulente precum cafeaua? Cum și când ar trebui consumate? Cum ne putem antrena creierul pentru a fi cât mai sănătos? Ce se întâmplă atunci când visăm, dormim sau suntem stresați? Ce putem face pentru a ne ajuta creierul să se odihnească? Cum recunoaștem depresia și epuizarea nervoasă și ce putem face pentru a ne regăsi echilibrul? Ce impact au gândurile pozitive și negative asupra sănătății creierului nostru? Ce este neuroplasticitatea și în ce măsură se regenerează celulele nervoase? Aceasta carte este pentru tine dacă: Te simți obosit permanent sau te confrunți cu sindromul burnout și ai nevoie de sfaturi avizate pentru a depăși această stare. Vrei să înveți să ai grijă de creierul tău pentru a te feri de boli degenerative precum Alzheimer și Parkinson, sau de afecțiuni neurovasculare care pot duce la accidente vasculare grave. Îți dorești să performezi mai bine la locul de muncă fără să sacrifici timpul petrecut cu prietenii sau familia. Ești părinte și vrei să-i asiguri copilului tău mediul ideal pentru o dezvoltare armonioasă a sistemului nervos. Ești interesat de un stil de viață sănătos și vrei să descoperi ce schimbări poți face pentru a-ți menține creierul într-o stare optimă. Ești pur și simplu curios și îți dorești să afli mai multe despre bijuteria care îți permite să te bucuri de viață.",03 04 202420:25:26,https://firebasestorage.googleapis.com/v0/b/bookstore-7c44c.appspot.com/o/Book%20Images%2FIMG_202403004_202523.jpg03%2004%20202420%3A25%3A26.jpg?alt=media&token=62b8bd08-1ada-4a17-99ca-546764e4a800,0734199140,0,Sănătatea creierului pe înţelesul tuturor,Medical
03 04 202420:26:18,Agatha Christie,"Linnet Ridgeway a dus până acum o viaţă ca-n povești. Binecuvântată cu frumusete,o avere enormă si un sot devotat, are tot ce ţi-ai putea dori. Dar, atunci când proaspătul cuplu pleacă într-o croazieră pe Nil, nori de furtună încep să se adune.
 Fosta prietenă a lui Linnet, Jacqueline de Bellefort, îi urmărește pretutindeni. Are loc un atentat la viata bogatei moștenitoare, apoi soțul său, Simon Doyle, este împușcat. Linnet are toate motivele să își facă griji. Un pistol, o crimă ciudată, mulți suspecţi, o nouă enigmă de rezolvat pentru un pasager neobişnuit: Hercule Poirot",03 04 202420:26:18,https://firebasestorage.googleapis.com/v0/b/bookstore-7c44c.appspot.com/o/Book%20Images%2FIMG_202403004_202542.jpg03%2004%20202420%3A26%3A18.jpg?alt=media&token=ccabcc95-ee3a-490c-bb5c-2200e49ffd1e,0734199140,45,Moarte pe Nil,crimă
03 04 202420:28:08,Dale Carneige,"Dale Carnegie avea o capacitate extraordinară de a-i face pe oameni să devină conștienţi de abilitățile lor ascunse, să fie mai eficienţi si mai încrezători în sine. Fie că dorești să reuşeşti în afaceri, să-ți sporești veniturile ori să ai relaţii avantajoase, urmează principiile sale pentru obținerea succesului, extrase din interviurile susținute de autor atât cu oameni obişnuiți, cât și cu diverse personalităţi, și vei putea progresa în orice aspect al vietii tale.",03 04 202420:28:08,https://firebasestorage.googleapis.com/v0/b/bookstore-7c44c.appspot.com/o/Book%20Images%2FIMG_202403004_202634.jpg03%2004%20202420%3A28%3A08.jpg?alt=media&token=6333db85-8058-4080-9969-e9b8c30ae540,0734199140,0,Principiile succesului,dezvoltare personală
03 04 202420:29:01,Dale carneige,"Dale Carnegie spunea că ,succesul înseamnä să obții ceea ce vrei, iar fericirea înseamnă să vrei ceea ce ai obținut""
 Dar ce anume iși doresc oamenii? Ei bine, de cele mai multe ori, e vorba despre o carieră ascendentă, prieteni de încredere, o familie iubitoare, un trai decent... și altele asemenea Desigur, motivele pentru care un om își dorește ceva anume sunt complet personale, însă metodele prin care își poate atinge obiectivul sunt general valabile. lar metodele din cartea de față au fost testate de peste 15 milioane de cititori de pe cinci continente, pe parcursul a trei sferturi de secol. Volumul de față a ajuns, cu timpul, să fie cea mai vândută carte motivațională publicată vreodată. Sfaturile lui Dale Carnegie vă arată cum să deveniți un interlocutor agreabil, de ce e bine să faceţi complimente dezinteresate, când e cazul să vă retrageți dintr-o dispută, ce anume trezește dorința de cooperare a partenerilor, cum să faceți o bună impresie de la prima întâlnire cất de important e zâmbetul, prin ce strategii vă puteţi autopromova în ochii celorlalti, în ce fel puteţi adresa critici fără să provocaţi resentimente, de ce e recomandat să vă admiteți proprile greșeli înainte de a le face reproșuri altora, cât de adevărat e proverbul care spune că ,vorba dulce mult aduce"", cum să răspundeți la plângerile altora, unde se termină sinceritatea și începe brutalitatea, de ce nu funcționează pe termen lung strategia de a da ordine, cum să vă ajutați ajutându-i pe ceilalţi-si multe altele Carnegie dovedește că, în cele din urmă, ceilalți ne vor trata exact așa cum îi tratăm. Comportamentul interlocutorilor oglindește propriul comportament.",03 04 202420:29:01,https://firebasestorage.googleapis.com/v0/b/bookstore-7c44c.appspot.com/o/Book%20Images%2FIMG_202403004_202835.jpg03%2004%20202420%3A29%3A01.jpg?alt=media&token=61e7ed6e-8db9-4f89-9f02-4db3ce15df8d,0734199140,40,Secretele succesului,dezvoltare personală
03 04 202420:29:48,Agatha Christie,"Cand o fetita este gasita moarta, inecata, dupa ce s-a laudat ca a vazut o crima, faimoasa scriitoare de romane politiste Ariadne Oliver il cheama pe vechiul sau prieten Hercule Poirot pentru a-l descoperi pe ucigas Cine si de ce ar fi avut motiv sa omoare un copil nevinovat? Poate ca povestea spusa de Joyce nu era, pana la urma, una dintre obisnuitele ei minciuni, menite a-i impresiona pe ceilalti? Poirot va trebui sa faca apel la toata ingeniozitatea sa pentru a descalci misterul unor decese si al unei disparitii suspecte, dar mai ales pentru a impiedica savarsirea altor crime.",03 04 202420:29:48,https://firebasestorage.googleapis.com/v0/b/bookstore-7c44c.appspot.com/o/Book%20Images%2FIMG_202403004_202916.jpg03%2004%20202420%3A29%3A48.jpg?alt=media&token=9cadece2-7ef0-423a-b4ba-8777dc84f718,0734199140,0,Bântuind prin Veneția,crimă
03 04 202420:30:33,Agatha Christie,"Un afacerist american găsit mort într-un compartiment închis pe dinăuntru din luxosul Orient Express, douăsprezece lovituri de cuțit și doisprezece călători, toți suspecţi. De data aceasta insă, victima, a cărei moarte o investighează Hercule Poirot, nu mai este deloc nevinovată.
 Pe parcursul anchetei sale, detectivul belgian va descoperi ce consecinţe tragice a avut un celebru caz de răpire și ucidere a unui copil asupra familiei acestuia și a apropiaţilor. lar în cele din urmă, va trebui să răspundă la o întrebare cu care nu s-a mai confruntat: Poate fi crima justificabilă? Cel mai fascinant si mai celebru caz al lui Hercule Poirot.",03 04 202420:30:33,https://firebasestorage.googleapis.com/v0/b/bookstore-7c44c.appspot.com/o/Book%20Images%2FIMG_202403004_203000.jpg03%2004%20202420%3A30%3A33.jpg?alt=media&token=d7b09dc3-3f54-4bb8-9106-b464e03836cc,0734199140,0,Crima din orient express,crimă
03 04 202420:31:41,Jay Shetty,"Superputerea lui Jay Shetty este să facă înțelepciunea accesibilă și relevantă. Cartea sa este profundă, practică și îţi atrage atenţia. Credem că va ajuta multă lume să iși creeze noi obiceiuri, practici și o înțelepciune de viată care îi va conduce spre existenta pe care si-o doresc cu adevărat."" WILL SMITH & JADA PINKETT SMITH
 ,,Jay Shetty îţi arată pas cu pas cum să îţi construiești puterea prin schimbarea accentului de la imaginea de sine la respectul de sine. Această carte te eliberează de hipnoza condiționării sociale și te ajută să devii arhitectul propriei vieți."" DEEPAK CHOPRA, profesor de medicină. Universitatea din California, San Diego și autor de bestselleruri New York Times
 ,Jay a făcut o călătorie fascinantă, de la sala de clasă in ashram si în domeniul financiar şi acum în lumea antreprenorilor. Îmi place cum a reușit să iși aducă experiența, învătăturile și dragostea pentru o viaţă conștientă și plină de scop în atenția a milioane de oameni din întreaga lume. Această carte este un ghid clar si plin de forță pentru dobândirea unei vieţi echilibrate."" NOVAK DJOKOV",03 04 202420:31:41,https://firebasestorage.googleapis.com/v0/b/bookstore-7c44c.appspot.com/o/Book%20Images%2FIMG_202403004_203055.jpg03%2004%20202420%3A31%3A41.jpg?alt=media&token=33798603-0e97-4dec-a076-507e5afc56d0,0734199140,65,Gândește ca un călugăr,"dezvoltare personală, spiritualitate"
03 04 202420:33:18,Leon Danaila,"Un ghid indispensabil pentru toți cei interesaţi de sănătate mintală şi longevitate Pornește într-o călătorie fascinantă prin labirintul minții umane împreună cu acad. prof. dr. Leon Dănăilă - neurochirurgul care, după peste 40.000 de intervenții chirurgicale, continuă să salveze vieți în sala de operație și la vârsta de 90 de ani.
Descoperă cum poți beneficia de puterea extraordinară a creierului uman de a se regenera, de a se vindeca și de a-și menţine agilitatea indiferent de vârstă.",03 04 202420:33:18,https://firebasestorage.googleapis.com/v0/b/bookstore-7c44c.appspot.com/o/Book%20Images%2FIMG_202403004_203223.jpg03%2004%20202420%3A33%3A18.jpg?alt=media&token=17588911-c05e-4de0-bfbd-868e1fbcaa49,0734199140,40,Neuroplasticitatea.Secretul longevității creierul,"dezvoltare personală, medicina"
03 04 202420:38:43,Dr. Raluca Anton,"Cel mai important dialog este cel cu tine însuți Auzim foarte des îndemnuri precum: Ascultă-ți vocea interioară, introspecția e importantă sau Învață să te cunoști, dar, din păcate, nu ni se spune și cum să facem acest lucru cât mai concret. Într-adevăr cel mai important pas al schimbării pe care ți-o dorești este cunoașterea de sine, dar pe cât sună de ușor când o spui, pe atât este de greu să o aplici. Ei bine, Raluca Anton, datorită experienței de peste 15 ani în lucru 1 la 1 cu oamenii, ca psihoterapeut, te ia de mână, și te ghidează pas cu pas ajutându-te să treci de la teorie la practică și, astfel, să începi un proces de terapie chiar din fotoliul de acasă. Cartea aceasta te ajută să privești cu blândețe trecutul și să trăiești confortabil în prezent. De ce fac alegerile pe care le fac? Oare de ce am ajuns în punctul de azi al vieții mele? Care este motorul care mă împinge să fiu cine sunt? Ce anume mă duce spre direcții pe care aparent nu le pot controla? Ți-ai adresat și tu astfel de întrebări în diferite momente din viață? Totul începe cu povestea vieții tale. Terapie 1 la 1 cu sinele tău este o carte-călăuză prin care psihologul dr. Raluca Anton te însoțește pas cu pas în spațiul propriei tale ființe. Tehnicile și exercițiile propuse în această carte sunt extrase din practica profesională îndelungată a autoarei și te ajută să descoperi și să integrezi părți ale sinelui tău într-o poveste coerentă, ce poate fi înțeleasă în mod rațional. Este o incursiune revelatoare prin care înveți să înțelegi trecutul pentru a putea trăi confortabil în prezent și, bineînțeles, pentru a-ți construi viitorul. Abordare unică de a găsi răspunsuri la întrebări personale frecvente Prin indicații simple și exacte ce fac parte din auto-terapie, autoarea creează cadrul pentru cititor de a găsi răspunsuri la întrebări ce macină frecvent mintea omului, precum cele de mai sus. „Cu această carte, Raluca Anton ne dovedește că, dincolo de mintea sa sclipitoare și de cursurile exhaustive pe care le susține, are competențe deosebite și în ale scrisului. Pagină după pagină, vom afla ceva nou, iar partea frumoasă este că vom descoperi noul și necunoscutul din noi. Ajungând, într-un final, să înţelegem că cea mai importantă conversație nu a fost cu ea, cu autoarea, ci cu însuși sinele nostru.” - Gáspár György - Psiholog, autor și custode de povești de viață „La început, te cucerește blândețea Ralucăi. Apoi, știința Ralucăi Anton. Ştiinţa pe care o spune cu claritate. Și claritatea pe care o expune cu simplitate. De aceea prima carte a Ralucăi Anton e o resursă valoroasă: te va ajuta să ai o relație cu sinele blândă, conștientă, clară, faină și simplă. Mulțumim, Raluca, pentru această carte.” - Mihai Morar - Om de radio și prezentator TV, jurnalist, editorialist și căutător de răspunsuri",03 04 202420:38:43,https://firebasestorage.googleapis.com/v0/b/bookstore-7c44c.appspot.com/o/Book%20Images%2FIMG_202403004_203839.jpg03%2004%20202420%3A38%3A43.jpg?alt=media&token=2b84b34c-5cb8-49ff-82ce-a40e55c04652,0734199145,0,Terapie 1 la 1 cu sinele tau,Self-Help
03 04 202420:40:02,Agatha Christie,"Agatha Christie's complete Tommy and Tuppence short story collection, reissued with a striking new cover designed to appeal to the latest generation of Agatha Christie fans and book lovers. Tommy and Tuppence Beresford were restless for adventure, so when they were asked to take over Blunt's International Detective Agency, they leapt at the chance. After their triumphant recovery of a pink pearl, intriguing cases kept on coming their way: a stabbing on Sunningdale golf course; cryptic messages in the personal columns of newspapers; and even a box of poisoned chocolates.",03 04 202420:40:02,https://firebasestorage.googleapis.com/v0/b/bookstore-7c44c.appspot.com/o/Book%20Images%2FIMG_202403004_203956.jpg03%2004%20202420%3A40%3A02.jpg?alt=media&token=0c413292-7dce-42ef-a65a-ef2dc8958297,0734199145,55,Partners in Crime,crimă
04 21 202421:32:10,Zoulfa Katouh,"""Această carte s-s născut din durerea mea, din vinovăţia mea, din iubirea mea, din suferințele mele, din visele și sperantele mele. Pe scurt, s-a născut din zonele vulnerabile ale inimii mele""
 -autoarea.
Înainte de izbucnirea revoluției siriene, Salama e o fată fericită dintr-o familie armonioasă unită prin afecțiune și tradiţie. Are 18 ani, studiază farnacologia și se bucură de căsătoria dintre fratele ei, Hamza, și prietena ei de suflet, Layla După ce începe războiul, totul se schimbă. Ea ajunge să îndeplinească atribuții de chirurg la spitalul local, din lipsă de personal și un număr crescând de victime, membrii familiei ei isi pierd viata sau dispar în război; singura supraviețuitoare e Layla, cumnata ei gravidă.
 Spitalul, responsabilitatea față de compatrioţii ei, și ulterior, iubirea care se naște între ea si tânărul protestatar Kenan o îndeamnă să rămână, deși fiecare moment e o nouă amenintare letală. Grija faţă de Layla și copilașul acesteia o silește să negocieze emigrarea Vei sta cu sufletul la gură urmărind aceste destine fragile și emotionante într-un context tragic",04 21 202421:32:10,https://firebasestorage.googleapis.com/v0/b/bookstore-7c44c.appspot.com/o/Book%20Images%2FIMG_202404021_213059.jpg04%2021%20202421%3A32%3A10.jpg?alt=media&token=60df1086-43d4-4cc8-8dd7-0452688059ab,0734199140,50,Cât timp înfloresc lămâii,drama
04 23 202409:48:24,J.K. Rowling,"Hogwarts va fi mereu aici să-ţi ureze bun-venit.“ J.K. Rowling
„Cărţile Harry Potter au o calitate rar întâlnită: sunt adorate de părinţi şi de copii deopotrivă.“ Daily Telegraph
„Aventurile lui Harry Potter sunt la fel de amuzante ca poveştile lui Roald Dahl şi la fel de pline de viaţă ca volumele seriei Narnia.“ Daily Mail",04 23 202409:48:24,https://firebasestorage.googleapis.com/v0/b/bookstore-7c44c.appspot.com/o/Book%20Images%2F100003962004%2023%20202409%3A48%3A24.jpg?alt=media&token=7fc0b8c6-3f39-4191-98e6-9a1ca93e88b5,0731666444,60,Harry Potter si Piatra filosofala Vol. 1,"fictiune, aventura"
04 23 202409:50:46,J.K. Rowling,"Harry Potter are o vara plina: petrece o zi de nastere groaznica, primeste avertizari sinistre de la un elf de casa pe nume Dobby si fuge de la familia Dursley cu masina zburatoare a prietenului sau Ron.
La Hogwarts incepe un nou an scolar, iar Harry aude niste soapte ciudate pe coridoarele goale. Apoi au loc mai multe atacuri misterioase – previziunile sumbre ale lui Dobby par sa se adevereasca...",04 23 202409:50:46,https://firebasestorage.googleapis.com/v0/b/bookstore-7c44c.appspot.com/o/Book%20Images%2F100003962204%2023%20202409%3A50%3A46.jpg?alt=media&token=dc8b7fce-7915-4b6f-99d4-a4832e4da128,0731666444,60,Harry Potter si camera secretelor Vol. 2,"fictiune, aventura"
04 23 202409:53:04,J.K. Rowling,"Când Cavalerobuzul opreşte brusc în faţa lui, răsărind din întuneric, pentru Harry Potter începe un nou an şcolar care nu e nici pe departe unul obişnuit.

Sirius Black, criminal în serie şi discipol al Lordului Voldemort, a evadat de la Azkaban, închisoarea vrăjitorilor, şi toată lumea spune că ar fi pe urmele lui Harry. La prima oră de divinaţie, profesoara Trelawney vede în frunzele de ceai din ceaşca lui Harry un semn prevestitor de moarte... Dar mai înfricoşător decât orice e că în jurul şcolii patrulează dementori, care pot sorbi suflete cu Sărutul lor mortal.",04 23 202409:53:04,https://firebasestorage.googleapis.com/v0/b/bookstore-7c44c.appspot.com/o/Book%20Images%2F100003962404%2023%20202409%3A53%3A04.jpg?alt=media&token=9402246c-6461-4d1f-95bb-ce98e7ca509e,0731666444,0,Harry Potter si Prizonierul Din Azkaban Vol. 3,fictiune
04 23 202409:54:42,J.K. Rowling,"Scoala pentru Vrajitoare si Vrajitori Hogwarts se pregateste pentru Trimagiciada, o competitie la care au voie sa participe doar vrajitorii cu varsta de peste saptesprezece ani.
Harry Potter are doar paisprezece ani, dar tot viseaza ca va castiga cumva Trimagiciada. Apoi, de Halloween, cand Pocalul de Foc hotaraste candidatii, Harry e uluit sa vada ca numele lui se gaseste printre cele alese de cupa magica. Va infrunta probe care sfideaza moartea, dragoni si vrajitori intunecati, dar cu ajutorul lui Ron si Hermione, s-ar putea s-o scoata la capat…",04 23 202409:54:42,https://firebasestorage.googleapis.com/v0/b/bookstore-7c44c.appspot.com/o/Book%20Images%2F100003962604%2023%20202409%3A54%3A42.jpg?alt=media&token=1e3f19af-baf3-4915-a746-542fab952150,0731666444,60,Harry Potter si Pocalul de foc Vol. 4,fictiune
04 23 202409:56:43,J.K. Rowling,"Tu și Lordul Întunecat împărtășiți anumite gânduri și emoții. Directorul crede că nu este de dorit ca această situație să continue. De aceea vrea ca eu să te învăț cum să-ți blochezi mintea față de Lordul Întunecat.“ Profesorul Snape

Timpuri întunecate au venit peste Hogwarts. După atacul Dementorilor asupra vărului său Dudley, Harry își dă seama că Voldemort va folosi orice mijloace ca să-l găsească. Sunt mulți cei care nu acceptă că Lordul Întunecat s-a întors, dar Harry nu este singur: un ordin secret se adună în Piața Grimmauld spre a lupta împotriva forțelor întunericului. Harry trebuie să-i dea voie profesorului Snape să-l învețe cum să se protejeze de atacurile sălbatice ale lui Voldemort asupra minții lui. Dar atacurile se întețesc pe zi ce trece, iar Harry e în criză de timp...",04 23 202409:56:43,https://firebasestorage.googleapis.com/v0/b/bookstore-7c44c.appspot.com/o/Book%20Images%2F100003962804%2023%20202409%3A56%3A43.jpg?alt=media&token=20a1f56a-d564-44f2-97a9-7d63ee65438c,0731666444,55,Harry Potter si Ordinul Phoenix Vol.5,fictiune
04 23 202409:59:00,J.K. Rowling,"Intr-o seara de vara, cand Dumbledore ajunge pe Aleea Privet ca sa-l ia pe Harry Potter, mana in care-si tine bagheta este arsa si uscata, dar el nu dezvaluie de ce. Secretele si suspiciunile invaluie lumea vrajitoreasca, nici Hogwarts nemaifiind un loc sigur. Harry este convins ca Malfoy poarta Semnul Intunericului: un Mortivor se afla printre ei. Harry are nevoie de vraji puternice si prieteni adevarati ca sa cerceteze cele mai intunecate secrete ale Lordului Voldemort, iar Dumbledore il pregateste sa-si infrunte destinul...",04 23 202409:59:00,https://firebasestorage.googleapis.com/v0/b/bookstore-7c44c.appspot.com/o/Book%20Images%2F100003963004%2023%20202409%3A59%3A00.jpg?alt=media&token=0c86a84c-b147-453c-a604-4320a15c2d8b,0734199145,65,Harry Potter si Printul Semisange Vol. 6,"fictiune, aventura"
04 23 202410:00:43,J.K. Rowling,"Harry Potter paraseste pentru ultima oara Aleea Privet. Urca in atasul motocicletei lui Hagrid si porneste alaturi de urias spre cer. Stie ca Lord Voldemort si Mortivorii sunt pe urmele lor, nu prea departe. E rupta vraja de protectie care l-a aparat pana de curand, insa el nu se poate ascunde la nesfarsit. Toti cei iubiti de Harry sunt inspaimantati de Lordul Intunecat, iar pentru a-l opri Harry e silit sa gaseasca si sa distruga Horcruxurile ramase. Batalia cea de pe urma sta sa inceapa – Harry trebuie sa reziste si sa-si infrunte dusmanul.",04 23 202410:00:43,https://firebasestorage.googleapis.com/v0/b/bookstore-7c44c.appspot.com/o/Book%20Images%2F100003963304%2023%20202410%3A00%3A43.jpg?alt=media&token=efcf0949-d259-40f4-981c-c7d4fb3c8f8e,0734199140,70,Harry Potter si Talismanele Mortii,"fictiune, aventura"
04 23 202410:02:51,J.K.Rowling,"Newt Scamander, explorator și magizoolog, tocmai și-a încheiat turul în jurul lumii în căutarea celor mai rare și extraordinare creaturi magice. Ajunge și la New York, unde nu are de gând să stea prea mult.Însă își pierde geamantanul și unele dintre animalele fantastice dinăuntru scapă și cutreieră libere prin oraș. Ce urmează e o adevărată nebunie...",04 23 202410:02:51,https://firebasestorage.googleapis.com/v0/b/bookstore-7c44c.appspot.com/o/Book%20Images%2F100003963504%2023%20202410%3A02%3A51.jpg?alt=media&token=74e9a849-158c-4e87-9f84-57806d4db405,0734199140,0,Animale fantastice si unde le poti gasi - scenariul original,fictiune
04 24 202414:27:18,"J. R. R. Tolkien, John Ronald Reuel Tolkien","Features a tale of adventure, undertaken by a company of dwarves in search of dragon-guarded gold. A reluctant partner in this perilous quest is Bilbo Baggins, a comfort-loving unambitious hobbit. Encounters with trolls, goblins, dwarves, elves, giant spiders, and conversations with the dragon, are just some of the adventures that befall Bilbo. This is a new paperback edition of JRR Tolkien's fantasy masterpiece, ""The Hobbit"". ""The Hobbit"" is a tale of high adventure, undertaken by a company of dwarves in search of dragon-guarded gold. A reluctant partner in this perilous quest is Bilbo Baggins, a comfort-loving unambitious hobbit, who surprises even himself by his resourcefulness and skill as a burglar. Encounters with trolls, goblins, dwarves, elves and giant spiders, conversations with the dragon, Smaug, and a rather unwilling presence at the Battle of Five Armies are just some of the adventures that befall Bilbo. Bilbo Baggins has taken his place among the ranks of the immortals of children's fiction. Written by Professor Tolkien for his own children, ""The Hobbit"" met with instant critical acclaim when published.",04 24 202414:27:18,https://firebasestorage.googleapis.com/v0/b/bookstore-7c44c.appspot.com/o/Book%20Images%2FIMG_202404024_142716.jpg04%2024%20202414%3A27%3A18.jpg?alt=media&token=ac9576e3-b8d1-4c17-8d1b-7627412a39fb,0734199140,52,The Hobbit ,Fictiune
04 24 202414:29:26,John Ronald Reuel Tolkien,Of Tuor and his coming to Gondolin -- Narn i hin Hurin -- A description of the island of Numenor --Aldarion and Erendis -- The line of Elros : Kings of Numenor -- The history of Galadriel and Celeborn --The disaster of the Gladden Fields -- Cirion and Eorl and the friendship of Gondor and Rohan -- The quest of Erebor -- The hunt for the Ring -- The battles of the Fords of Isen -- The Drúedain -- The Istari -- The Palantiri.,04 24 202414:29:26,https://firebasestorage.googleapis.com/v0/b/bookstore-7c44c.appspot.com/o/Book%20Images%2FIMG_202404024_142924.jpg04%2024%20202414%3A29%3A26.jpg?alt=media&token=3f8c9bb2-15f1-449d-a252-a8bbe712d60e,0733188156,40,Unfinished Tales of Númenor and Middle-earth,English fiction
05 16 202409:39:26,David J. Lieberman,"Ce se ascunde cu adevărat în mintea celorlalți?



În orice schimb de replici, de la cele mai relaxate conversații la cele mai aprinse negocieri, există un substrat care se pierde în tumultul de informații. Și nu trebuie să fii agent FBI pentru a-l sesiza, ci trebuie doar să stăpânești tehnicile descrise de David J. Lieberman.

Cunoscut psihoterapeut și instructor în detectarea minciunilor al echipajelor FBI, precum și consultant-cheie al serviciilor Agenției de Securitate Națională și CIA, Lieberman îți prezintă tehnici și metode infailibile de „interpretare” a gândurilor interlocutorilor tăi pe care le poți folosi pentru a-ți găsi drumul mai ușor într-o lume în care, adesea, nimeni nu este cine pare a fi.",05 16 202409:39:26,https://firebasestorage.googleapis.com/v0/b/bookstore-7c44c.appspot.com/o/Book%20Images%2F100004023905%2016%20202409%3A39%3A26.jpg?alt=media&token=ec1a2b76-199f-4e4e-8afc-ebea37ffb28f,0736540777,35,Mindreader,dezvoltare personală
